dist|blck|clst|klpid|name
bagalkot|badami|kerur|1873|GOVT KG LPS MUSTIGERI
bagalkot|badami|kulageri cross|1893|GOVT KG HPS NEELAGUND
bagalkot|badami|kotikal|1979|GOVT KGLPS KOTEKAL PS
bagalkot|bagalkot|kbmps bhagavati|2068|GOVT KG HPS BENAKATTI
bagalkot|hunagund|hungund|2395|GOVT KBMPS HUNAGUND
bagalkot|jamakhandi|rampur|2632|KBS MALIGADDI TOTA
bagalkot|jamakhandi|rampur|2638|GOVT LPS PALBHAVI VASTI CHIMMADA n
bagalkot|jamakhandi|todalbagi|2762|GOVT LPS BANASIDDA VST TODALABAGI
bagalkot|jamakhandi|savalagi|2798|GOVT LPS JAMAKHANDI VASATI BADAGI
bellary|hadagali|hire mallanakeri|3309|GULPS HOLAGUNDI
chamarajanagara|chamaraja nagar|kolipalya|6363|GLPS CHIKKAMUDAHALLI
chamarajanagara|chamaraja nagar|venkataiana chathra|6375|GLPS HONGALAVADI -2
chamarajanagara|chamaraja nagar|mangala|6388|GULPS  KIRAGASUR
chamarajanagara|chamaraja nagar|sagade|6407|GLPS KOTE GOWDANA HUNDI
chamarajanagara|chamaraja nagar|harave|6416|GHPS MUDNAKUDA
chamarajanagara|chamaraja nagar|sagade|6421|GHPS KUMACHHALLI
chamarajanagara|chamaraja nagar|amachavadi|6447|GHPS AMACHAVADI
chamarajanagara|chamaraja nagar|venkataiana chathra|6454|GHPS VENKATAIAHNA CHATHRA
chamarajanagara|chamaraja nagar|venkataiana chathra|6472|GLPS BEDAGULI
chamarajanagara|chamaraja nagar|venkataiana chathra|6473|GLPS BOMMANAHALLI
chamarajanagara|chamaraja nagar|arakala vadi|6478|GLPS AMCHVADI ANCHE
chamarajanagara|chamaraja nagar|honganuru|6546|GHPS MASANA PURA
chamarajanagara|chamaraja nagar|kuderu|6564|GHPS LINGNAPURA
chamarajanagara|chamaraja nagar|santhe marahalli|6577|GHPS KANNEGALA
chamarajanagara|chamaraja nagar|santhe marahalli|6578|GLPS KUDERUTENKALU MOLE
chamarajanagara|chamaraja nagar|santhe marahalli|6588|GLPS CHUNGADIPURA
chamarajanagara|chamaraja nagar|chamarajanagar - i|6604|GLPS URBAN AREA 
chamarajanagara|chamaraja nagar|chamarajanagar - ii|6626|GHPS BANAJEGERE
chamarajanagara|gundlupet|paduguru|6634|GLPS SANGE GOWDANA HUNDI
chamarajanagara|gundlupet|kabbahalli|6653|GHPS KHALHALLI
chamarajanagara|gundlupet|baragi|6691|GHPS LINGAHALLI
chamarajanagara|gundlupet|bommalapura|6707|GHPS BEEGHANA HALLI
chamarajanagara|gundlupet|baragi|6725|GHPS BARAGI
chamarajanagara|gundlupet|terakanambi|6731|GLPS PARIVARA STREET
chamarajanagara|gundlupet|hangala|6783|GHPS HANGALA
chamarajanagara|kollegala|mulluru|6845|GHPS TAGARA PURA
chamarajanagara|kollegala|kollegal-1|6866|GLPS SULOKOBE
chamarajanagara|kollegala|sathegala|6969|GHPS SATHYAGALA
chikkaballapura|bagepally|billur|10243|GLPS YERRAPENTLA
chikkaballapura|bagepally|billur|10244|GLPS ARIGEVARIGUTTA
chikkaballapura|bagepally|billur|10261|GLPS GUMMAVANDLAPALLI
chikkaballapura|bagepally|chakavelu|10265|GLPS KONDAMARAPALLI
chikkaballapura|bagepally|chakavelu|10271|GLPS VENKATESHAPALLI
chikkaballapura|bagepally|chakavelu|10279|GLPS SOMAKALAHALLI
chikkaballapura|bagepally|chakavelu|10281|GLPS KURUBAVANDLAPALLI
chikkaballapura|bagepally|gulur|10320|GLPS MALACHINNEPALLI
chikkaballapura|bagepally|mittemari|10361|GLPS POTLAVARIPALLI (HAN. PURA
chikkaballapura|bagepally|yallampalli|10403|GLPS TENKAYIMAKALAPALLI
chikkaballapura|bagepally|somanathapura|10458|GULP S KURUBARAHALLI
chikkaballapura|chikkaballapur|mandikal|10568|GLPS . DODDIHALLY
chikkaballapura|chikkaballapur|mandikal|10592|GLPS YADARLAHALLI(New School)
chikkaballapura|chikkaballapur|nayanahalli|10614|GLPS THANDRAMARADAHALLI
chikkaballapura|chikkaballapur|peresandra|10697|GLPS NALLARALLAHALLI
chikkaballapura|chikkaballapur|peresandra|10702|GLPS THIPPAREDDYNAGENAHALLI
chikkaballapura|chikkaballapur|r.g. halli|10733|GLPS SOPPANAHALLI
chikkaballapura|chintamani|chintamani|10799|GLPS KAMBALAPALLI
chikkaballapura|chintamani|yagavakote|10821|GLPS KADARINAYAKANAKOTE
chikkaballapura|chintamani|yagavakote|10824|GLPS KONDAVENKANAPALLI
chikkaballapura|chintamani|yagavakote|10830|GLPS MANIGALAHALLI
chikkaballapura|chintamani|yagavakote|10834|GLPS NAGARAJAHALLI
chikkaballapura|chintamani|buragamakalahalli|10856|GLPS IMMAREDDIHALLI
chikkaballapura|chintamani|batlahalli|10891|GLPS BODAMPALLI
chikkaballapura|chintamani|batlahalli|10897|GLPS KAMBALAPALLI
chikkaballapura|chintamani|batlahalli|10905|GLPS NAGARAJAHOSAHALLI
chikkaballapura|chintamani|k raguttahalli|10939|GLPS NARASAPURA
chikkaballapura|chintamani|k raguttahalli|10940|GHPS SHETTIHALLI
chikkaballapura|chintamani|k raguttahalli|10946|GLPS YANDAHALLI
chikkaballapura|chintamani|chilakalanerpu|10963|GLPS DHARMAVARIPALLI
chikkaballapura|chintamani|chilakalanerpu|10967|GLPS MINCHIHALLI
chikkaballapura|chintamani|chilakalanerpu|10970|GLPS T DEVARAHALLI
chikkaballapura|chintamani|chilakalanerpu|10978|GLPS VANGIMALLU
chikkaballapura|chintamani|chilakalanerpu|10979|GHPS YEIGADELE
chikkaballapura|chintamani|buradagunte|10986|GHPS BURUDUGUNTE
chikkaballapura|chintamani|konapalli|11009|GLPS BHAKTHARAHALLI
chikkaballapura|chintamani|anoor|11060|GHPS DODDAPURA
chikkaballapura|chintamani|anoor|11066|GLPS K HOSUR
chikkaballapura|chintamani|muragamalla|11083|GLPS BATHALAHALLI
chikkaballapura|chintamani|iragampalli|11098|GLPS BATLAHALLI (OOLAVADI)
chikkaballapura|chintamani|iragampalli|11104|GLPS GUDDAMPALLI
chikkaballapura|gowribidanur|idagur|11151|GLPS JAKKENAHALLI (EDAGUR)
chikkaballapura|gowribidanur|vatada hosahalli|11170|GLPS KEREVOLAGINAHALLI
chikkaballapura|gowribidanur|namagondlu|11209|GLPS SARAGONDLU
chikkaballapura|gowribidanur|gowribidanur|11232|GHPS HOSAKURUBARAHALLI
chikkaballapura|gowribidanur|alipura|11320|GLPS AGRAHARA HOSAHALLI
chikkaballapura|gowribidanur|alipura|11322|GHPS ALIPURA
chikkaballapura|gudibanda|beechaganahalli|11533|GHPS CHIKKATHAMMANAHALLI
chikkaballapura|gudibanda|beechaganahalli|11541|GLPS KONDAVABANAHALLI
chikkaballapura|gudibanda|beechaganahalli|11547|GLPS SADASHIVANAHALLI
chikkaballapura|gudibanda|somenahalli|11565|GLPS GUMMAREDDIHALLI
chikkaballapura|gudibanda|hampasandra|11603|GLPS GUNDLAHALLI
chikkaballapura|gudibanda|hampasandra|11609|GMHP S YELLODU
chikkaballapura|gudibanda|gudibande|11615|GLPS CHOWTATHIMMANAHALLI
chikkaballapura|sidlaghatta|dibburahalli|11660|GLPS HIREYELACHENAHALLI
chikkaballapura|sidlaghatta|jangamakote|11714|MHPS JANGAMAKOTE
chikkaballapura|sidlaghatta|basettyhalli|11744|GLPS KUMBARAHALLI
chikkaballapura|sidlaghatta|y.hunasenahalli|11761|GLPS BEERAPPANAHALLI
chikkaballapura|sidlaghatta|ablodu|11788|GLPS KEMPANAHALLI
chitradurga|chitradurga|d.s.halli|12041|GHPS GIRLS
chitradurga|chitradurga|d.s.halli|12042|GHPS DS HALLI K HATTY
chitradurga|chitradurga|m.k.hatti|12119|GHPS MALAPPANAHATTI SIDDAPUR
chitradurga|chitradurga|belagatta|12170|HPS HOCHIBORAYYA BADAVANE
chitradurga|challakere|mallurahalli|12249|LPS MUGOBAIAHNAHATTY
chitradurga|challakere|gopanahalli|12448|LPS RLPS SANIKERE
chitradurga|challakere|challakere north|12554|NAVACHETHANA HPS
chitradurga|challakere|challakere south|12557|GHPS GIRLS
chitradurga|hiriyur|v.v.pura|12563|LPS BALIGATTA
chitradurga|hiriyur|hiriyur north|12609|GHPS MODEL WARD-8
chitradurga|hiriyur|dharmapura|12638|GLPS K PALYA
chitradurga|hiriyur|yelladakere|12765|LPS UDUVALLI(K)
chitradurga|hiriyur|imangala|12792|HPS CHIKKASIDDAVVANAHALLI
chitradurga|hiriyur|metikurke|12844|LPS T.D.HATTI
chitradurga|hiriyur|metikurke|12851|G L PS BHOTHYANA HATTI
chitradurga|holalkere|muthugaduru|12905|LPS MINCHERIPURA
chitradurga|holalkere|muthugaduru|12914|LPS K.LAMBANIHATTI
chitradurga|holalkere|echagatta|12964|LPS LINGADAHALLI
chitradurga|holalkere|maladihalli|12978|Glps Shivpura Maruti nagar
chitradurga|holalkere|talya|12997|LPS DASENAHATTI
chitradurga|holalkere|holalkere|13090|GHPS NES COLONY
chitradurga|holalkere|holalkere|13092|GHPS BOYS
chitradurga|hosadurga|kanchipura|13180|GLPS N.N.KATTE. LAMBANIHATTI
chitradurga|hosadurga|s.nerlakere|13182|GLPS ARLAHALLIBHOVI HATTY
chitradurga|hosadurga|kalkere|13324|GULPS URDU KALKERE
chitradurga|hosadurga|devigere|13338|GHPS KABBALA
chitradurga|hosadurga|belaguru|13378|GLPS SINGEBOVIHATTI
kolar|bangarapete|kyasamballi|15046|GLPS CHALDIGANAHALLI
kolar|bangarapete|s madamangala|15103|GLPS HONNENAHALLI
kolar|bangarapete|s madamangala|15105|GULPS INORAHOSAHALLI
kolar|bangarapete|boodikote|16943|GLPS KADIRENAHALLI (BOODIKOTE)
kolar|kolar|madanahalli|17189|GLPS SETTIKUNTE
kolar|kolar|thoradevandahalli|17439|GLPS VEERAPURA
kolar|kolar|p.c. halli|17496|GLPS KURUBARAHALLI
kolar|malur|lakkur|17534|GHPS H HOSAKOTE
kolar|malur|kudiyanur|17829|GLPS THURAGALUR
kolar|mulbagal|mallanayakanahalli|17893|GLPS KEELAGANI
kolar|srinivasapur|gownipalli|18237|GLPS GANDARAJAPALLI
kolar|srinivasapur|srinivaspur|18281|GMHPS THYAGARAJA EXTN.
kolar|srinivasapur|rayalpadu|18298|GHPS KOTEPALLI
kolar|srinivasapur|nambihalli|18343|GLPS ARAMAKALAHALLI
kolar|srinivasapur|somayajalahalli|18383|GLPS KARANGI KANAMPALLI
kolar|srinivasapur|addagal|18484|GLPS THUMMALAPALLI
kolar|srinivasapur|mudimadagu|18508|GLPS R REDDIVARIPALLI
kolar|srinivasapur|arikunte|18541|GLPS THOOPALLI
kolar|srinivasapur|pulugoorkote|18548|GLPS GOLLAPALLI S
kolar|k g f|kamasamudra|18572|GKLPS VENKATAPURA
kolar|k g f|kalavanchi|18644|GKPS KUNDARASANAHALLI
koppal|gangavathi|chikkajanthakal|19818|GLPS MARUTI NAGAR DANAPUR CROS
bijapur|basavan  bagewadi|kolhar|27843|GOVT LPS NAGARAL VASTI KOLAR
bijapur|bijapur  rural|arakeri|27980|GOVT LPS ARAKERI LT 2
bijapur|bijapur  rural|babaleshwar|28024|KBLPS KURUN TOTADA VASTI BABAL
bijapur|bijapur  rural|babanagar|28034|GPLS BASTI BHAVI VASTI BABANAGAR
bijapur|bijapur  rural|kannur|28231|GOVT KGHPS KANNUR
bijapur|bijapur  rural|kawalagi|28259|KBLPS KURUBR VASTI, MADHABHAVI
bijapur|indi|salotagi|28569|LPS P TANDE, SALOTAGI
bijapur|indi|tadwalaga|28584|LPS KATTI VASTI, TADAWALAGA
bijapur|sindagi|sindagi|28922|GOVT KBHPS SOMAPUR
bijapur|sindagi|kalakeri|28932|G. BARIMANI BASAVESHWR V HUNAS
bijapur|sindagi|kalakeri|28939|GOVT LPS AMBEDKAR EXTN KALAKERI
bijapur|sindagi|rampur pa|28969|GOVT LPS ANGADI VASTI GANIHAR
bijapur|sindagi|yankanchi|28992|GOVT KBHPS MANNAPUR
bijapur|sindagi|almel|29178|GOVT MPS ALMEL
bijapur|chadachan|loni|29310|GOVT LPS SIDDDESHWAR ASHRAM LONI BK
bijapur|chadachan|chadachan|29336|GOVT LPS HATTALLI HK
bijapur|bijapur city|k.b.s no.25 bijapur city|29422|GOVT HPS NO25 BIJAPUR
bijapur|bijapur city|k.b.s no.25 bijapur city|29427|KBS NO 32
chamarajanagara|chamaraja nagar|chandaka vadi|29533|GLPS CHANDAKAVADI
kolar|srinivasapur|yeldur|29722|GHPS SHRINIVASA VIDYASAUNSTHE YELDUR
chitradurga|hosadurga|mattodu|29732|HPS HOSURU BHOVIHATTI (H B HATTI)
chitradurga|hosadurga|mattodu|29733|HPS KAPPANAYAKANHALLI
chitradurga|hosadurga|mattodu|29734|GMPS DODDATEKALVATTI
chitradurga|holalkere|holalkere|29742|GUHPS KOTAGI
chitradurga|molakalmur|rampura|29758|GHPS RAMESHWARRAMPUR
bijapur|basavan  bagewadi|alamatti d s|29765|GKBHPS RAJNAL
chitradurga|hosadurga|janakal|29768|GLPS G V HATTI
kolar|srinivasapur|pulugoorkote|29791|GLPSDASARLAPALLY
chamarajanagara|hanur|odakehalla|29815|GLPS CHANGADI
chikkaballapura|bagepally|chakavelu|29818|GLPS SRINIVASPALLI
kolar|mulbagal|h.gollahalli|29843|SAINT ANS HPS GOKUNTE
chikkaballapura|chintamani|iragampalli|29844|GLPS BATHLAHALLI
chitradurga|chitradurga|chitradurga north|29867|GHPS BHOVI COLONY
bijapur|basavan  bagewadi|telagi|29892|HPS KAVALAGI
chikkaballapura|gudibanda|gudibande|29904|GHPS ANBEDKARA NAGARA GUDIBANDE
bagalkot|jamakhandi|rabakavi|29909|GOVT H.V HANGANDI
kolar|bangarapete|bangarpet|29920|GLPS VATHABELE
chikkaballapura|sidlaghatta|palicherlu|29940|GLPS JODI KACHAHALLI
chamarajanagara|chamaraja nagar|venkataiana chathra|29952|GLPS A/S PUNJANURU
chikkaballapura|chikkaballapur|peresandra|29965|GLPS YALAGALAHALLI
kolar|malur|k.g. halli|29980|GLPS ANIGANAHALLI
chikkaballapura|sidlaghatta|ergappanahalli|30017|GHPS S.DEVAGANAHALLI
chitradurga|challakere|talaku|30018|G.H.P.S TIMMANAHALLI
kolar|kolar|annihalli (manighatta)|30062|GHPS S.B.HALLI
bijapur|bijapur  rural|babanagar|30066|GMPS KANAMADI
chikkaballapura|sidlaghatta|ullurupate(city-2)|30076|GHPS VEERAPURA
bagalkot|badami|kagalgomba|30080|GKBHPS KAGALGOMB
bagalkot|badami|kagalgomba|30081|GLPS ASHRAYA COLONY HULAGERI
chikkaballapura|gowribidanur|gowribidanur|30086|GRLPS GOWRIBIDANUR
chitradurga|hosadurga|hosdurga town|30127|GHPS ASHOK RANGA MANDIRA
chitradurga|hosadurga|hosdurga town|30131|GHPS NAGENAHALLI
chitradurga|hiriyur|dharmapura|30132|GLPS GOLLARAHATTI
chamarajanagara|gundlupet|baragi|30149|GHPS MADRA HALLI
chikkaballapura|bagepally|yeragudi|30163|GLPS JANGALAPALLI THANDA
chikkaballapura|bagepally|yeragudi|30164|GLPS INDUKUROLLAPALLI
bagalkot|bagalkot|none|30237| UBMPS KALADAGI                                             
bagalkot|bagalkot|mugalolli|30243|MPS CHIKKAMYAGERI
bagalkot|bagalkot|mugalolli|30247|LPS HIREMYAGERI
bagalkot|bagalkot|shirur|30251|KBLPS SANGONDI
bagalkot|bagalkot|mugalolli|30252|LPS Devnal tat- No-2
bagalkot|hunagund|karadi|30253|Vivekanand HPS karadi
bagalkot|hunagund|kudal sangam|30261|GOVT LPS k sangam
bagalkot|bagalkot|legislature m school no4|30277|LPS No 18 Hulyal plot BGK
bagalkot|hunagund|ilkal (urdu crc)|30283|KBLPS KEB Ilkal
bagalkot|hunagund|ilkal (urdu crc)|30284|Govt KGMPS Ilkal
chikkaballapura|bagepally|chelur|30551|BHARATHI HPS CHELUR
chamarajanagara|chamaraja nagar|venkataiana chathra|30564|GLPS HONGALA VADI -1
chamarajanagara|chamaraja nagar|chamrajanagar-1v|31085|GHPS KADAHALLI
chamarajanagara|gundlupet|kabbahalli|31112|GLPS SAMPEGE PURA
chamarajanagara|gundlupet|kabbahalli|31115|GLPS DADADA HALLI
chitradurga|hosadurga|hosdurga town|31174|HPS YALAKKAPPANAHATTI
chitradurga|hosadurga|hosdurga town|31175|HPS MAHALAXMIPURA
bagalkot|hunagund|kamatagi|31405|VIVEKANAND HPS SULEBHAVI
ramanagara|kanakapura|shivanahalli|31581|GKLPS HOSADODDY
ramanagara|kanakapura|kaggalahalli|31610|GKLPS KAGGALHALLIBANDE
ramanagara|kanakapura|shivanahalli|31618|GKLPS HOSAKEREDODDY
ramanagara|kanakapura|kaggalahalli|31637|GKLPS HALLEGHBHADI
ramanagara|kanakapura|kaggalahalli|31641|GKLPS HOSSAGHBHADI
ramanagara|kanakapura|attihalli|31657|GKHPS GURUVINAPURA
ramanagara|kanakapura|hukunda( d. gollahalli)|31711|GKLPS UYAMBHALLI
ramanagara|kanakapura|kanakapura town|31728|GKBHPS KKP
ramanagara|kanakapura|kanakapura town|31739|GKHPGS (GIRLS) KKP
ramanagara|kanakapura|hukunda( d. gollahalli)|31743|GKLPS BAREKALDODDI
ramanagara|kanakapura|somedypanahalli|31770|GKHPS KOOTAGANAHALLI
ramanagara|kanakapura|herindyapanahalli|31777|GKLPS MARISIDDEGOWDANADODDI
ramanagara|kanakapura|herindyapanahalli|31832|GKLPS BANNAHALLI
ramanagara|kanakapura|cheeluru|31836|GKLPS VADERAHALLI
ramanagara|kanakapura|herindyapanahalli|31844|GKLPS ANTHEGOWDANADODDI
ramanagara|kanakapura|hunasanahalli|31885|GKLPS M HONIGANAHALLI
ramanagara|kanakapura|chakanahalli|31921|GUHPBS KANAKAPURA
ramanagara|kanakapura|chakanahalli|31924|GUHPS KANAKAPURA
bangalore u south|south-1|tavarekere|32237|GKLPS CHIKKAVEERAYANAPALYA
bangalore u south|south-1|none|32342| GULPS PARVATHIPURAM                                        
bangalore u north|north-4|none|32372| GKLPS GRASS PHARM                                          
bangalore u north|north-4|hesargatta|32375|GKLPS KOLUVARAYANAHALLI
bangalore u south|anekal|none|32412| GKLPS SOPPA HALLI                                          
bangalore u south|south-1|none|32431| GKLPS SOMPURA (KENGERI)                                    
bangalore u south|south-2|none|32450| GULPS TARAMANDALPET                                        
bangalore u south|south-1|none|32548| GKLPS HUNESAMARADA PALYA                                   
bangalore u north|north-3|none|32611| GUHPS LATHIFIA                                             
bangalore u south|south-1|none|32635| GKHPS SHANKARAPURAM                                        
bangalore u north|north-1|laggere|32655|GKLPS CHOKKASANDRA SLUM
mysore|mysore north|urdu central|33027|GUHPS RABBANI MOSQUE
bangalore u south|south-3|none|33108| GKLPS MARIYAMMA TEMPLE                                     
bangalore u north|north-3|vasanthnagar|33138|GKLPS RG COLONY
bangalore u north|north-3|none|33146| GULPS VACCIN INSTITUTION                                   
bangalore u north|north-4|none|33204| GKLPS BHADRAPPA LAYOUT                                     
bangalore u south|anekal|none|33445| GKLPS RAMAKRISHNAPURA                                      
mysore|mysore north|urdu central|33478|GUHPS NEHRU NAGAR
mysore|nanjanagud|hulimavu|33479|GHPS IMMAVU HUNDI
mysore|mysore north|giribovi pallya|33485|GLPS K N PURA
mysore|hunsur|rathnapuri colony|33512|GHPS PADUKOTE
mysore|mysore north|urdu central|33517|GUHPS JYOTHI NAGAR
mysore|mysore south|ashokapuram|33532|GHPS KANAKAGIRI
mysore|mysore south|ashokapuram|33535|GUHPS NH PALYA
mysore|mysore south|kanakagiri|33536|GHLPS REHAMANIA
ramanagara|magadi|hulikal|34224|G LPS NAGANAHALLI
ramanagara|magadi|sankighatta|34257|G LPS CHIKKAKALYA
ramanagara|magadi|byalakere|34370|G LPS YAGANAHALLI
ramanagara|magadi|byalakere|34376|G LPS RANOJIPALYA
ramanagara|magadi|byalakere|34397|G LPS B NARAYANAPURA
ramanagara|magadi|motaganahalli|34436|G LPS KALYANIPURA
ramanagara|magadi|kuduru|34495|G LPS THIMMEGOWDANAPALYA
ramanagara|magadi|narasandra|34599|G LPS KENCHANAPURA
ramanagara|ramanagara|ramanagara town 1|34615|GLPS ADISHAKTI PURA RAMANAGARA TOWN
ramanagara|channapatna|dashavara|34683|G HPS APPAGERE
ramanagara|ramanagara|avverahalli|34871|G LPS KEMPEGOWDANADODDI
ramanagara|ramanagara|jalamangala|34912|G LPS KURUBARAHALLI
ramanagara|ramanagara|byramangala|35012|G LPS JOGANAPALYA
ramanagara|ramanagara|annahalli|35046|G LPS SANJEEVAIANADODDI
ramanagara|ramanagara|manchanayakanahalli|35064|G LPS INORAPALYA
dharwad|hubli|urdu hubli|35255|LPUBS INGALAHALLI
dharwad|dharwad|garag|35278|KGS TADAKOD
dharwad|hubli city|baharbaad urdu hbl|35370|H AL HYAT URDU PS ISLAMAPUR
dharwad|hubli city|sadashiv nagar|35377|GOVT URDU HS SADASHIVNAGAR
dharwad|dharwad city|malamaddi dwd|35447|D MARUTI KBS TEJASVINGR DHD
dharwad|dharwad city|malamaddi dwd|35455|SRI TULAJA BHAVANI HS SRI RAM NAGAR
mysore|mysore north|hebbal|37794|ANNYAPPA SMARAKA VIDYALYA HPS 
mysore|mysore north|hebbal|37795|VAISHALI HPS , WARD-27 
mysore|mysore north|vinayaka nagara|37796|MATHRU MANDALI HPS2 
mysore|mysore north|vinayaka nagara|37797|GOVT ADARSHAVIDYALYA VINAYAKANAGAR 
mysore|mysore north|vinayaka nagara|37798|LALITHA HPS , WARD-32 
mysore|mysore north|vinayaka nagara|37799|ROYAL ENGLISH HPS 
mysore|mysore north|vinayaka nagara|37800|MES HS, WARD-43 
mysore|mysore north|horse lane, jyothi nagar|37801|ST MARYS HPS ENG 
mysore|mysore north|horse lane, jyothi nagar|37802|GAYATHRI HPS GAYATHRIPURAM 
mysore|mysore north|horse lane, jyothi nagar|37803|ROYAL ENGLISH HPS NAJARBAD 
mysore|mysore north|giribovi pallya|37804|AL NOOR EDUCATION CENTRE 
mysore|mysore north|n.r mohalla|37805|AL KABIR E HPS, WARD-45 
mysore|mysore north|rajendranagar|37806|LITTLE HEART HPS 
mysore|mysore north|rajivnagara(urdu)|37809|SULTAN SHAHEED URDU HPS 
mysore|mysore rural|hinkal hundi|37813|SUDARSHAN VIDYA SAMSTHE 
mysore|mysore rural|hinkal hundi|37814|ASHA KIRANA VIDYALAYA 
mysore|mysore rural|hinkal hundi|37815|VIDYA VAHINI CONVENT 
mysore|mysore south|ashokapuram|37816|ST RITA'S HPS(ENG) 
mysore|mysore south|kurubarahalli|37817|VAISHALI CONVENT SID LAYOUT 
mysore|mysore south|kuvempunagar|37819|VISHWAMANAVA VIDYANIKETHANA 
mysore|mysore south|lakshmipuram|37820|GANGOTHRI LPS HUDCO LAYOUT 
