bagalkot|badami|housur
bagalkot|badami|inam hullikeri
bagalkot|bagalkot|benur
bagalkot|bagalkot|bevoor
bagalkot|bagalkot|gulabal
bagalkot|bagalkot|kadampur
bagalkot|bagalkot|tulsigiri
bagalkot|bagalkot|yadahalli-(bgk)
bagalkot|bilagi|galagali
bagalkot|hunagund|aihole
bagalkot|hunagund|budihal s k
bagalkot|hunagund|chicknal
bagalkot|hunagund|heremagi
bagalkot|hunagund|hiresingangutti
bagalkot|hunagund|ilakal east
bagalkot|hunagund|ilkal middle
bagalkot|hunagund|ilkal west
bagalkot|hunagund|muganur
bagalkot|hunagund|nandawadagi
bagalkot|hunagund|urdu hunagund
bagalkot|jamakhandi|chimmad
bagalkot|jamakhandi|gothe
bagalkot|jamakhandi|konnur
bagalkot|jamakhandi|maigur
bagalkot|jamakhandi|tungal
bagalkot|mudhol|belagali
bagalkot|mudhol|bhantanur
bagalkot|mudhol|lakshanatti
bagalkot|mudhol|machakanur
bagalkot|mudhol|madabhavi
bagalkot|mudhol|mugalkhod
bagalkot|mudhol|saidapur
bangalore rural|devanahalli|doddasanne
bangalore rural|devanahalli|gudlumuddenahalli
bangalore rural|devanahalli|koira
bangalore rural|devanahalli|kundana
bangalore rural|devanahalli|yeliyuru
bangalore rural|doddaballapura|
bangalore rural|doddaballapura|anjanamurthynagara
bangalore rural|doddaballapura|aralumallige
bangalore rural|doddaballapura|aralumallige bagilu
bangalore rural|doddaballapura|channaveeranahalli
bangalore rural|doddaballapura|heggadihalli
bangalore rural|doddaballapura|honnawara
bangalore rural|doddaballapura|hosahalli
bangalore rural|doddaballapura|kacheripalya
bangalore rural|doddaballapura|kesthuru
bangalore rural|doddaballapura|muthasandra
bangalore rural|doddaballapura|sasalu
bangalore rural|doddaballapura|s s ghati
bangalore rural|hosakote|urdu -1
bangalore rural|hosakote|urdu - 2
bangalore rural|nelamangala|
bangalore rural|nelamangala|agalakuppe
bangalore rural|nelamangala|arasinakunte
bangalore rural|nelamangala|arebommanahalli
bangalore rural|nelamangala|bommanahalli
bangalore rural|nelamangala|hanumanthegowdanapalya
bangalore rural|nelamangala|hasuruvalli
bangalore rural|nelamangala|honnenahalli
bangalore rural|nelamangala|kempalinganahalli
bangalore rural|nelamangala|maralakunte
bangalore rural|nelamangala|nelamangala town
bangalore rural|nelamangala|soladevanahalli
bangalore rural|nelamangala|urdu nelamangala
bangalore u north|north1|gruhalakshmi layout
bangalore u north|north1|sree gandha kaval
bangalore u north|north3|
bangalore u north|north3|lingarajapura
bangalore u north|north4|nagenahalli
bangalore u south|south1|
bangalore u south|south2|urdu chamarajpete
bangalore u south|south2|urdu padarayanpura
bangalore u south|south3|
bangalore u south|south3|arakere
belgaum|bailhongal|anigol
belgaum|bailhongal|bailhongal
belgaum|bailhongal|bailur
belgaum|bailhongal|budarkatti
belgaum|bailhongal|chikkabagewadi
belgaum|bailhongal|deshnur
belgaum|bailhongal|hannikeri
belgaum|bailhongal|hosa kadarvalli
belgaum|bailhongal|kalbhavi
belgaum|bailhongal|kulavalli
belgaum|bailhongal|nagnoor
belgaum|belgaum city|angol
belgaum|belgaum city|camp
belgaum|belgaum city|chavat galli
belgaum|belgaum city|ganapat galli
belgaum|belgaum city|gandhi nagar
belgaum|belgaum city|kanbargi
belgaum|belgaum city|khasbag
belgaum|belgaum city|phq
belgaum|belgaum city|sadashiv nagar
belgaum|belgaum city|shahapur
belgaum|belgaum rural.|balekundri kh
belgaum|belgaum rural.|bhendigeri
belgaum|belgaum rural.|bhutaramatti
belgaum|belgaum rural.|desur
belgaum|belgaum rural.|dhamne s
belgaum|belgaum rural.|dharanatti
belgaum|belgaum rural.|handignur
belgaum|belgaum rural.|kangrali bk
belgaum|belgaum rural.|kk koppa
belgaum|belgaum rural.|mannur
belgaum|belgaum rural.|uchagaon
belgaum|khanapur|bailur
belgaum|khanapur|baragaon
belgaum|khanapur|bhuranki
belgaum|khanapur|bijagarni
belgaum|khanapur|chapgaon
belgaum|khanapur|devalatti
belgaum|khanapur|halaga
belgaum|khanapur|hiremunolli
belgaum|khanapur|honakal
belgaum|khanapur|itagi
belgaum|khanapur|mangyankoppa
belgaum|khanapur|mohishet
belgaum|khanapur|nagargali
belgaum|khanapur|nilawade
belgaum|ramdurg|hanamapur
belgaum|ramdurg|hanamsagar
belgaum|ramdurg|hirekoppa ks
belgaum|ramdurg|k.chandargi
belgaum|ramdurg|manihal
belgaum|ramdurg|mudakavi
belgaum|ramdurg|mullur
belgaum|ramdurg|narasapur
belgaum|ramdurg|ramdurg
belgaum|ramdurg|turanur
belgaum|soundatti|aratagal
belgaum|soundatti|gurla hosur
belgaum|soundatti|hirebudanur
belgaum|soundatti|hooli
belgaum|soundatti|hosur
belgaum|soundatti|shindogi
belgaum|soundatti|soundatti north
belgaum|soundatti|soundatti south
belgaum|soundatti|tallur
belgaum|soundatti|ugargol
belgaum|soundatti|yakkundi
belgaum|soundatti|yarazarvi
belgaum chikkodi|athani|adahalli
belgaum chikkodi|athani|aralihatti
belgaum chikkodi|athani|athani urdu
belgaum chikkodi|athani|darur
belgaum chikkodi|athani|murgundi
belgaum chikkodi|athani|raderahatti
belgaum chikkodi|athani|sambaragi
belgaum chikkodi|athani|suttati
belgaum chikkodi|chikodi|chikkodi south
belgaum chikkodi|chikodi|chikkodi urdu
belgaum chikkodi|chikodi|chikodi marathi
belgaum chikkodi|chikodi|chikodi north
belgaum chikkodi|chikodi|jaganoor
belgaum chikkodi|chikodi|jainapur
belgaum chikkodi|chikodi|jodakurli
belgaum chikkodi|chikodi|kerur
belgaum chikkodi|chikodi|meerapurahatti
belgaum chikkodi|chikodi|navalihal
belgaum chikkodi|chikodi|umarani
belgaum chikkodi|chikodi|walaki
belgaum chikkodi|chikodi|yadur marathi
belgaum chikkodi|gokak|dhupadal
belgaum chikkodi|gokak|gokak (north)
belgaum chikkodi|gokak|gokak (south)
belgaum chikkodi|gokak|gokak(urdu)
belgaum chikkodi|gokak|hirenandi
belgaum chikkodi|gokak|kolavi
belgaum chikkodi|gokak|madawal
belgaum chikkodi|gokak|makkalgeri
belgaum chikkodi|gokak|maladinni
belgaum chikkodi|gokak|shivapur k
belgaum chikkodi|gokak|suldhal
belgaum chikkodi|gokak|tavag
belgaum chikkodi|hukkeri|bassapur
belgaum chikkodi|hukkeri|bugte alur
belgaum chikkodi|hukkeri|hargapur gad
belgaum chikkodi|hukkeri|h-mastiholi
belgaum chikkodi|hukkeri|hosur
belgaum chikkodi|hukkeri|hukkeri
belgaum chikkodi|hukkeri|hukkeri (urdu)
belgaum chikkodi|hukkeri|islampur
belgaum chikkodi|hukkeri|kurni
belgaum chikkodi|hukkeri|nerli
belgaum chikkodi|hukkeri|nidasoshi
belgaum chikkodi|hukkeri|shahabandar
belgaum chikkodi|hukkeri|sultanpur
belgaum chikkodi|hukkeri|yadgud
belgaum chikkodi|kagwad|kempwad
belgaum chikkodi|kagwad|shedabal
belgaum chikkodi|kagwad|shiraguppi
belgaum chikkodi|kagwad|tangadi
belgaum chikkodi|kagwad|ugar kh
belgaum chikkodi|mudalgi|arabhavi
belgaum chikkodi|mudalgi|hallur
belgaum chikkodi|mudalgi|kaujalgi
belgaum chikkodi|mudalgi|masaguppi
belgaum chikkodi|mudalgi|melavanki
belgaum chikkodi|mudalgi|mudalgi (urdu)
belgaum chikkodi|mudalgi|naganur
belgaum chikkodi|mudalgi|nallanatti
belgaum chikkodi|mudalgi|rajapur
belgaum chikkodi|mudalgi|shindikurbet
belgaum chikkodi|mudalgi|sundholi
belgaum chikkodi|mudalgi|yadwad
belgaum chikkodi|nippani|bedakihal
belgaum chikkodi|nippani|kurli
belgaum chikkodi|nippani|manakapur
belgaum chikkodi|nippani|mangur
belgaum chikkodi|nippani|nej
belgaum chikkodi|nippani|nippani east
belgaum chikkodi|nippani|nippani north
belgaum chikkodi|nippani|nippani (urdu)
belgaum chikkodi|nippani|nippani west
belgaum chikkodi|nippani|shiragaon
belgaum chikkodi|nippani|shirpewadi
belgaum chikkodi|nippani|yamagarni
belgaum chikkodi|raibag|alagawadi
belgaum chikkodi|raibag|diggewadi
belgaum chikkodi|raibag|hidakal
belgaum chikkodi|raibag|hubbarwadi
belgaum chikkodi|raibag|kankanwadi
belgaum chikkodi|raibag|khemlapur
belgaum chikkodi|raibag|kudchi rural
belgaum chikkodi|raibag|kuligodd
belgaum chikkodi|raibag|nagral
belgaum chikkodi|raibag|nandikurali
belgaum chikkodi|raibag|nilaji
belgaum chikkodi|raibag|nipanal
belgaum chikkodi|raibag|palbhavi
belgaum chikkodi|raibag|raibag
belgaum chikkodi|raibag|raibag rural
belgaum chikkodi|raibag|raibag(urdu)
belgaum chikkodi|raibag|savsuddi
bijapur|basavan  bagewadi|basavana bagewadi no. 1
bijapur|basavan  bagewadi|basavana bagewadi urdu
bijapur|basavan  bagewadi|huvina hipparagi
bijapur|basavan  bagewadi|itagi
bijapur|basavan  bagewadi|jayawadagi
bijapur|basavan  bagewadi|kolhar urdu
bijapur|basavan  bagewadi|muttagi
bijapur|basavan  bagewadi|nidagundi
bijapur|basavan  bagewadi|wadawadagi
bijapur|basavan  bagewadi|wandal
bijapur|bijapur city|k.b.s no. 13 bijapur city
bijapur|bijapur city|kbs no. 5 blde road
bijapur|bijapur city|kgs no 11 m m toph
bijapur|bijapur city|k.g.s no.1 gandhi chowk
bijapur|bijapur city|kgs no. 3 golgumbaz
bijapur|bijapur city|ubhps no. 16 bijapur
bijapur|bijapur city|ubs no. 05 golgumbaz
bijapur|bijapur city|ubs no. 6 guru bhavan camp bijapur
bijapur|bijapur  rural|aheri
bijapur|bijapur  rural|aliyabad
bijapur|bijapur  rural|arakeri lt no. 1
bijapur|bijapur  rural|gunaki
bijapur|bijapur  rural|jainapur
bijapur|bijapur  rural|jambagi
bijapur|bijapur  rural|kambagi
bijapur|bijapur  rural|kanamadi
bijapur|bijapur  rural|lohagoan
bijapur|bijapur  rural|makhanapur
bijapur|bijapur  rural|nidoni
bijapur|bijapur  rural|siddapur k
bijapur|bijapur  rural|tajapur h
bijapur|bijapur  rural|takkalaki
bijapur|bijapur  rural|tikota urdu
bijapur|indi|alur
bijapur|indi|bhatagunaki
bijapur|indi|hanjagi
bijapur|indi|hirerugi urdu
bijapur|indi|indi no. 2
bijapur|indi|lalasangi
bijapur|muddebihal|adavi somanal
bijapur|muddebihal|alur
bijapur|muddebihal|bidarakundi urdu
bijapur|muddebihal|b salawadagi
bijapur|muddebihal|hadalageri
bijapur|muddebihal|ingalageri
bijapur|muddebihal|konnur urdu
bijapur|muddebihal|madikeshwar
bijapur|muddebihal|muddebihal urdu
bijapur|muddebihal|tumbagi
bijapur|muddebihal|yarazari
bijapur|sindagi|devara navadagi
bijapur|sindagi|kadani
bijapur|sindagi|manur
bijapur|sindagi|yalagod
chamarajanagara|kollegala|martalli
chamarajanagara|kollegala|mudigundam
chamarajanagara|yelandur|kesthur
chikkaballapura|bagepally|devaragudipalli
chikkaballapura|bagepally|kanagamakalapalli
chikkaballapura|bagepally|raccheruvu
chikkaballapura|bagepally|thimampalli
chikkaballapura|bagepally|tollapalli
chikkaballapura|chikkaballapur|angarekanahalli
chikkaballapura|chikkaballapur|chickballapur rural
chikkaballapura|chikkaballapur|haleperasandra
chikkaballapura|chikkaballapur|kammaguttahalli
chikkaballapura|chikkaballapur|marasanahalli
chikkaballapura|chikkaballapur|muddenahalli
chikkaballapura|chikkaballapur|s.gollahalli
chikkaballapura|chikkaballapur|urdu
chikkaballapura|chintamani|amitaganahalli
chikkaballapura|chintamani|doddaganjuru
chikkaballapura|chintamani|kadadhanamari
chikkaballapura|chintamani|kaderanahalli
chikkaballapura|chintamani|kencharalhalli
chikkaballapura|chintamani|m gollahalli
chikkaballapura|chintamani|nalamachanahalli
chikkaballapura|chintamani|nandiganahalli
chikkaballapura|chintamani|peramachanahalli
chikkaballapura|chintamani|siddepalli
chikkaballapura|chintamani|urdu-1
chikkaballapura|chintamani|urdu-2
chikkaballapura|chintamani|urdu-3
chikkaballapura|gowribidanur|gedare
chikkaballapura|gowribidanur|hale halli
chikkaballapura|gowribidanur|herebidanur
chikkaballapura|gowribidanur|hudaguru
chikkaballapura|gowribidanur|jarabandahalli
chikkaballapura|gowribidanur|kallinayakanahalli
chikkaballapura|gowribidanur|melya
chikkaballapura|gowribidanur|mudugere
chikkaballapura|gowribidanur|pura
chikkaballapura|gowribidanur|ramapura
chikkaballapura|gudibanda|gudibande rural
chikkaballapura|gudibanda|thirumani
chikkaballapura|gudibanda|varlkonda
chikkaballapura|gudibanda|yallodu
chikkaballapura|sidlaghatta|devaramalluru
chikkaballapura|sidlaghatta|e thimmasandra
chikkaballapura|sidlaghatta|thimmanayakanahalli
chikkaballapura|sidlaghatta|thummanahalli
chikkaballapura|sidlaghatta|urdu sidlaghatta
chikkamangalore|biruru|gulladamane
chikkamangalore|biruru|hullehalli
chikkamangalore|biruru|s.bidare
chikkamangalore|biruru|udeva
chikkamangalore|chikmagalur|ckm 03
chikkamangalore|chikmagalur|huyigere
chikkamangalore|chikmagalur|mugathihalli - 02
chikkamangalore|chikmagalur|sirvase
chikkamangalore|chikmagalur|uddebhoranahalli
chikkamangalore|kadur|
chikkamangalore|kadur|antharaghatte
chikkamangalore|kadur|g. yaradakere
chikkamangalore|kadur|keresanthe
chikkamangalore|kadur|urdu kadur
chikkamangalore|kadur|yallamabalase
chikkamangalore|moodigere|gonibeedu
chikkamangalore|narasimharajapura|n r pura rural
chikkamangalore|sringeri|kigga
chikkamangalore|tarikere|gadihalli
chikkamangalore|tarikere|hadikere
chikkamangalore|tarikere|karkuchi
chikkamangalore|tarikere|kasaba rural
chitradurga|challakere|abbenahalli
chitradurga|challakere|banjigere
chitradurga|challakere|devamarikunte
chitradurga|challakere|doddachellur
chitradurga|challakere|doddullarthy
chitradurga|challakere|ghataparthy
chitradurga|challakere|gourasamudra
chitradurga|challakere|meerasabeehalli
chitradurga|challakere|nannivala
chitradurga|challakere|neelagethanahatti
chitradurga|challakere|neralagunte
chitradurga|challakere|n mahadevapura
chitradurga|challakere|pagadalabande
chitradurga|challakere|sanikere
chitradurga|challakere|t n kote
chitradurga|chitradurga|doddalaghatta
chitradurga|chitradurga|hulluru
chitradurga|chitradurga|inahalli kurubarahatti
chitradurga|chitradurga|ingaladal
chitradurga|chitradurga|janakonda
chitradurga|chitradurga|j n kote
chitradurga|chitradurga|kallahalli
chitradurga|chitradurga|kunabevu
chitradurga|chitradurga|muddapura
chitradurga|chitradurga|siddapura
chitradurga|hiriyur|abbinahole
chitradurga|hiriyur|babbur
chitradurga|hiriyur|beerenahalli
chitradurga|hiriyur|b  roopa
chitradurga|hiriyur|dindavara
chitradurga|hiriyur|hal madenahally
chitradurga|hiriyur|harthikote
chitradurga|hiriyur|hulagulakunte
chitradurga|hiriyur|khandenahalli
chitradurga|hiriyur|kodihalli
chitradurga|hiriyur|ragenahalli
chitradurga|hiriyur|urdu east
chitradurga|hiriyur|urdu west
chitradurga|holalkere|adanuru
chitradurga|holalkere|andanuru
chitradurga|holalkere|bidarakere
chitradurga|holalkere|shivaganga
chitradurga|holalkere|thekalavatti
chitradurga|holalkere|upparigenahalli
chitradurga|hosadurga|doddaghatta
chitradurga|hosadurga|garaga
chitradurga|hosadurga|gavirangapura
chitradurga|hosadurga|guddadaneralakere
chitradurga|hosadurga|mallappanahalli
chitradurga|hosadurga|sanehalli
chitradurga|hosadurga|sheeranakatte
dakshina kannada|bantwal|balthila
dakshina kannada|bantwal|bantwal
dakshina kannada|bantwal|bantwal mooda
dakshina kannada|bantwal|chennaithody
dakshina kannada|bantwal|huhakuvakallu
dakshina kannada|bantwal|ira
dakshina kannada|bantwal|kadeshivalaya
dakshina kannada|bantwal|kalladka
dakshina kannada|bantwal|kambalabettu
dakshina kannada|bantwal|kanyana
dakshina kannada|bantwal|kedila
dakshina kannada|bantwal|kerebali
dakshina kannada|bantwal|kolnadu salethur
dakshina kannada|bantwal|madhva
dakshina kannada|bantwal|manchi
dakshina kannada|bantwal|mani
dakshina kannada|bantwal|mithanadka
dakshina kannada|bantwal|poopadikatte
dakshina kannada|bantwal|rayee
dakshina kannada|bantwal|sajipamooda
dakshina kannada|bantwal|thumbe
dakshina kannada|bantwal|udayagiri kuddupadav
dakshina kannada|bantwal|uli
dakshina kannada|bantwal|vittal
dakshina kannada|belthangady|aniyoor kakkinje
dakshina kannada|belthangady|bajire
dakshina kannada|belthangady|bangady
dakshina kannada|belthangady|belthangady
dakshina kannada|belthangady|guruvayanakere
dakshina kannada|belthangady|halepete ujire
dakshina kannada|belthangady|karaya
dakshina kannada|belthangady|kokkada
dakshina kannada|belthangady|kuppetti
dakshina kannada|belthangady|mundaje
dakshina kannada|belthangady|naravi
dakshina kannada|belthangady|nidle
dakshina kannada|belthangady|nittade
dakshina kannada|belthangady|paddandadka
dakshina kannada|belthangady|perla
dakshina kannada|belthangady|perodithayakatte
dakshina kannada|belthangady|punjalakatte
dakshina kannada|belthangady|puthila
dakshina kannada|mangalore city|balmatta
dakshina kannada|mangalore city|bolara
dakshina kannada|mangalore city|bunder
dakshina kannada|mangalore city|gandhinagar
dakshina kannada|mangalore city|kadri
dakshina kannada|mangalore city|kapikad
dakshina kannada|mangalore city|kavoor
dakshina kannada|mangalore city|padavu
dakshina kannada|mangalore taluk|badaga yekkar
dakshina kannada|mangalore taluk|badriya nagara
dakshina kannada|mangalore taluk|bajal nanthoor
dakshina kannada|mangalore taluk|deralakatte
dakshina kannada|mangalore taluk|ganjimatta
dakshina kannada|mangalore taluk|kannori
dakshina kannada|mangalore taluk|katipalla
dakshina kannada|mangalore taluk|kinnikambla
dakshina kannada|mangalore taluk|konajepadav
dakshina kannada|mangalore taluk|mulki
dakshina kannada|mangalore taluk|munnur
dakshina kannada|mangalore taluk|padmanuru
dakshina kannada|mangalore taluk|padupanambur
dakshina kannada|mangalore taluk|permannur
dakshina kannada|mangalore taluk|pilaru
dakshina kannada|mangalore taluk|surathkal
dakshina kannada|mangalore taluk|talapadi
dakshina kannada|mangalore taluk|thiruvail
dakshina kannada|mangalore taluk|ullal
dakshina kannada|mangalore taluk|ullanje
dakshina kannada|puttur|bajathur
dakshina kannada|puttur|bantra
dakshina kannada|puttur|bettampady
dakshina kannada|puttur|harady
dakshina kannada|puttur|irde uppalige
dakshina kannada|puttur|kadaba
dakshina kannada|puttur|kaniyoor
dakshina kannada|puttur|kavu
dakshina kannada|puttur|keyyuru
dakshina kannada|puttur|kodimbady
dakshina kannada|puttur|kumbra
dakshina kannada|puttur|menala
dakshina kannada|puttur|narimogaru
dakshina kannada|puttur|nelyady
dakshina kannada|puttur|noojibalthila
dakshina kannada|puttur|puttur
dakshina kannada|puttur|ramakunja
dakshina kannada|puttur|savanuru
dakshina kannada|puttur|uppinangady
dakshina kannada|sullia|aletty
dakshina kannada|sullia|aranthodu
dakshina kannada|sullia|bellare
dakshina kannada|sullia|devachalla
dakshina kannada|sullia|guthigaru
dakshina kannada|sullia|hariharapallathadka
dakshina kannada|sullia|panja
dakshina kannada|sullia|sonangeri
dakshina kannada|sullia|subrahmanya
dakshina kannada|sullia|sullia
dakshina kannada|sullia|yenmoor
davanagere|channagiri|chikkaganguru
davanagere|channagiri|jammapura
davanagere|channagiri|kagathuru
davanagere|channagiri|karekatte
davanagere|channagiri|kathalagere
davanagere|channagiri|lingadahalli
davanagere|channagiri|santhebennuru-2
davanagere|channagiri|urdu-channagiri
davanagere|channagiri|urdu-kerebilachi
davanagere|channagiri|urdu-nalluru
davanagere|davanagere(n)|gudalu
davanagere|davanagere(n)|hebbalu
davanagere|davanagere(n)|urdu k.r market
davanagere|davanagere(n)|urdu maganalli
davanagere|davanagere(s)|b camp no-2
davanagere|davanagere(s)|kandagallu
davanagere|davanagere(s)|mahadevipura
davanagere|davanagere(s)|urdu-dvg(s)
davanagere|harapanahalli|chatnihalli
davanagere|harapanahalli|chirasthahalli
davanagere|harapanahalli|harapanahalli-south
davanagere|harapanahalli|kadabagere
davanagere|harapanahalli|kammathahalli
davanagere|harapanahalli|kunchuru
davanagere|harapanahalli|madalagere
davanagere|harapanahalli|urdu-harapanahalli
davanagere|harihara|holesirigere
davanagere|harihara|kumbaluru
davanagere|harihara|urdu-harihara
davanagere|harihara|urdu-malebennuru
davanagere|honnali|govinakovi
davanagere|honnali|h.gopagondanahalli
davanagere|honnali|surahonne
davanagere|honnali|taraganahalli
davanagere|honnali|urdu honnali-2
davanagere|honnali|yekkanahalli
davanagere|jagalur|guthidurga
davanagere|jagalur|hanumanthapura
davanagere|jagalur|huchangipura
davanagere|jagalur|kechenahalli
davanagere|jagalur|urdu-jagalur
gadag|gadag city|crc no 1 betgeri
gadag|gadag city|crc no 3
gadag|gadag city|crc no 4
gadag|gadag city|crc no 5
gadag|gadag rural|adavisomapaur
gadag|gadag rural|chikkahandigol
gadag|gadag rural|harti
gadag|gadag rural|kanaginahal
gadag|gadag rural|yalishirur
gadag|naragund|hirekoppa
gadag|naragund|jagapur
gadag|naragund|naragund 2
gadag|naragund|surakod
gadag|ron|hullur
gadag|ron|kotabal
gadag|ron|lakkalakatti
gadag|ron|nidagundi
gadag|shirhatti|bannikoppa
gadag|shirhatti|battur
gadag|shirhatti|chabbi
gadag|shirhatti|kadakol
gadag|shirhatti|koganur
gadag|shirhatti|lakshmeshwar south
gadag|shirhatti|shigli
gadag|shirhatti|urdu laxmeswar
gadag|shirhatti|urdu shiratti
hassan|alur|byrapura
hassan|alur|doddakanagalu
hassan|alur|kamathikudige
hassan|alur|madabalu
hassan|alur|nalluru
hassan|alur|sulugodu kudige
hassan|arakalagudu|abm halli
hassan|arakalagudu|agrahara
hassan|arakalagudu|ark urdhu
hassan|arakalagudu|basavapatna
hassan|arakalagudu|ganguru
hassan|arakalagudu|ganjalagud
hassan|arakalagudu|hallangala
hassan|arakalagudu|handrangi
hassan|arakalagudu|hulikal
hassan|arakalagudu|kashipura
hassan|arakalagudu|kathimalenahalli
hassan|arakalagudu|saraguru
hassan|arakalagudu|vg koppal
hassan|arasikere|ahsb colony
hassan|arasikere|arakere
hassan|arasikere|balena halli
hassan|arasikere|handralu
hassan|arasikere|jajur
hassan|arasikere|kaachigatta
hassan|arasikere|kaamasamudra
hassan|arasikere|kondenalu
hassan|arasikere|k. shankaranahalli
hassan|arasikere|laalanakere
hassan|arasikere|murundi
hassan|arasikere|narasipura
hassan|arasikere|neerlige
hassan|arasikere|purlehalli
hassan|arasikere|rangapura
hassan|arasikere|shyanegere
hassan|arasikere|talalooru
hassan|arasikere|urdhu arasikere nagara
hassan|arasikere|urdhu gramanthara
hassan|arasikere|yadavana halli
hassan|belur|andale
hassan|belur|hulugundi
hassan|belur|iravally
hassan|belur|kachihally
hassan|belur|kanayakanahally
hassan|belur|kogodu
hassan|belur|lingapana koppalu
hassan|belur|mallapura
hassan|belur|neharunagara
hassan|belur|rajanasiriyur
hassan|belur|urdhu belur
hassan|channarayapatna|anekere
hassan|channarayapatna|baguru
hassan|channarayapatna|baraguru
hassan|channarayapatna|channarayapatna
hassan|channarayapatna|dhammaningala
hassan|channarayapatna|didaga
hassan|channarayapatna|gowdagere
hassan|channarayapatna|gulsindha
hassan|channarayapatna|guramaranahalli
hassan|channarayapatna|hirisave
hassan|channarayapatna|jambur
hassan|channarayapatna|jinnenahally
hassan|channarayapatna|juttanahally
hassan|channarayapatna|kabbli
hassan|channarayapatna|kalkere
hassan|channarayapatna|kantharajapura
hassan|channarayapatna|karehally
hassan|channarayapatna|kembalu
hassan|channarayapatna|kundur
hassan|channarayapatna|mathighatta
hassan|channarayapatna|mattanavile
hassan|channarayapatna|m shivra
hassan|channarayapatna|mudanahally
hassan|channarayapatna|nallur
hassan|channarayapatna|navile
hassan|channarayapatna|nuggehalli
hassan|channarayapatna|paduvanahally
hassan|channarayapatna|rampura vidyuth colony
hassan|channarayapatna|shravanabelagula
hassan|channarayapatna|shravanere
hassan|channarayapatna|udayapura
hassan|channarayapatna|urdhu cr patna
hassan|hassan|attavara hosahalli
hassan|hassan|basavagatta
hassan|hassan|b katihally
hassan|hassan|bylahalli
hassan|hassan|devegowdanagara
hassan|hassan|devihalli
hassan|hassan|dudda r.s.
hassan|hassan|goruru
hassan|hassan|hanumanthapura
hassan|hassan|haralahally
hassan|hassan|hassan city 1
hassan|hassan|hassan city 2
hassan|hassan|hassan urdu
hassan|hassan|heragu
hassan|hassan|hoovinahally kaval
hassan|hassan|kandli
hassan|hassan|karle
hassan|hassan|kattaya
hassan|hassan|kenchettahalli
hassan|hassan|koravangala
hassan|hassan|kowshika
hassan|hassan|kudargundi
hassan|hassan|madenuru
hassan|hassan|manichanahalli
hassan|hassan|markuli
hassan|hassan|melagodu
hassan|hassan|mosalehosahally
hassan|hassan|nitturu
hassan|hassan|salagame
hassan|hassan|sanenahalli
hassan|hassan|seege
hassan|hassan|shankaranahalli
hassan|hassan|shanthigrama
hassan|hassan|tejuru
hassan|hassan|yalagunda
hassan|holenarasipura|doddahally
hassan|holenarasipura|doddakadanoor
hassan|holenarasipura|doddakunche
hassan|holenarasipura|hadavanahalli
hassan|holenarasipura|halekote
hassan|holenarasipura|hallimysore
hassan|holenarasipura|hariharapura
hassan|holenarasipura|keragodu
hassan|holenarasipura|mallappanahalli
hassan|holenarasipura|mudalahippe
hassan|holenarasipura|nagaranahalli
hassan|holenarasipura|niduvani
hassan|holenarasipura|odanahalli
hassan|holenarasipura|pete
hassan|holenarasipura|pete -  2
hassan|holenarasipura|sankanahalli
hassan|holenarasipura|sravanoor
hassan|holenarasipura|thatanahalli
hassan|holenarasipura|urdu
hassan|holenarasipura|yellesh pura
hassan|sakaleshapura|ballupete
hassan|sakaleshapura|belegodu
hassan|sakaleshapura|byakaravally
hassan|sakaleshapura|changadihally
hassan|sakaleshapura|crc urdu
hassan|sakaleshapura|c r c yeslur
hassan|sakaleshapura|donigal
hassan|sakaleshapura|hanbalu
hassan|sakaleshapura|hethur
hassan|sakaleshapura|kelagalale
hassan|sakaleshapura|kollahally
hassan|sakaleshapura|raxidi
hassan|sakaleshapura|sakaleshpura
hassan|sakaleshapura|valalahalli
hassan|sakaleshapura|vanagur
haveri|byadagi|budupanhalli
haveri|byadagi|byadagi (urdu)
haveri|byadagi|masanagi
haveri|hanagal|arleshwar
haveri|hanagal|balambeed
haveri|hanagal|gejjihalli
haveri|hanagal|hangal
haveri|hanagal|hangal urdu
haveri|hanagal|herur
haveri|hanagal|kopparsikoppa
haveri|hanagal|maharajpet
haveri|hanagal|shirgod
haveri|hanagal|shyadaguppi
haveri|haveri|devihosur
haveri|haveri|guttal urdu
haveri|haveri|havnur
haveri|haveri|kanvalli
haveri|haveri|kurubgonda
haveri|haveri|mevundi
haveri|haveri|yalagaccha
haveri|hirekerur|channalli
haveri|hirekerur|chinnamulgunda
haveri|hirekerur|doddagubbi
haveri|hirekerur|hirekerur (urdu)
haveri|hirekerur|hullatti
haveri|hirekerur|kod
haveri|hirekerur|masur urdu
haveri|hirekerur|medur
haveri|hirekerur|satenhalli
haveri|ranebennur|aremallapur
haveri|ranebennur|devaragudda
haveri|ranebennur|joyisaraharalahalli
haveri|ranebennur|kotihal
haveri|ranebennur|kuppelur
haveri|ranebennur|medleri
haveri|ranebennur|tumminkatti
haveri|savanur|hattimattur
haveri|savanur|savanur urdu
haveri|savanur|shirabadagi
haveri|savanur|yalavagi
haveri|shiggoan|baad
haveri|shiggoan|bankapur urdu
haveri|shiggoan|bannur
haveri|shiggoan|neeralagi
haveri|shiggoan|shiggaon urdu
haveri|shiggoan|tadas
kodagu|madikeri|chayyandane
kodagu|madikeri|kadagadalu
kodagu|madikeri|kakkabe
kodagu|madikeri|peraje
kodagu|somavarpet|kajuru
kodagu|somavarpet|shanivarsanthe
kodagu|virajpet|channenakote
kodagu|virajpet|kakotu parambu
kolar|bangarapete|bangarpet (urdu-1)
kolar|bangarapete|bangartirupathi
kolar|bangarapete|bethamangala (urdi-2)
kolar|bangarapete|deshihalli
kolar|bangarapete|gullahalli
kolar|bangarapete|jakkaarasanakuppa
kolar|bangarapete|karahalli
kolar|bangarapete|karamangala
kolar|bangarapete|parandahalli
kolar|bangarapete|paravanahalli
kolar|bangarapete|ramasagara
kolar|k g f|donimadagu
kolar|k g f|ghattamadamangala
kolar|k g f|kethaganahalli
kolar|kolar|belamaranahalli
kolar|kolar|sulur
kolar|malur|doddashivara
kolar|malur|huralagere
kolar|malur|malur (urdu-1)
kolar|malur|rajenahalli
kolar|mulbagal|mothakapalli
kolar|mulbagal|mudigere
kolar|srinivasapur|byraganahalli
kolar|srinivasapur|chaldiganahalli
kolar|srinivasapur|hodali
kolar|srinivasapur|hyderali mohalla (urdu-1)
kolar|srinivasapur|j thimmasandra
kolar|srinivasapur|kurigepalli
kolar|srinivasapur|lakshmisagara
kolar|srinivasapur|mastenahalli
kolar|srinivasapur|muttakapalli
kolar|srinivasapur|nelavanki
kolar|srinivasapur|thadigol
kolar|srinivasapur|yaramvaripalli
kolar|srinivasapur|z h mohalla (urdu-2)
mandya|krishnaraja pet|bandihole
mandya|krishnaraja pet|beeruvally
mandya|krishnaraja pet|bharathipura cross
mandya|krishnaraja pet|dabbeghatta
mandya|krishnaraja pet|haralahally
mandya|krishnaraja pet|ikanahally
mandya|krishnaraja pet|ranganathapura cross
mandya|krishnaraja pet|tendekere
mandya|krishnaraja pet|vittalapura
mandya|maddur|gejjalagere
mandya|maddur|hemmanahally
mandya|maddur|k.h. koppalu
mandya|maddur|mallanakuppe
mandya|maddur|nagarakere
mandya|maddur|thorebommanahally
mandya|malavally|bandur
mandya|malavally|b g pura
mandya|malavally|byadarahalli
mandya|malavally|chottana halli
mandya|malavally|d.halasa halli
mandya|malavally|kalkuni
mandya|malavally|kyathegowdanadoddi
mandya|mandya north|baby
mandya|mandya north|bevkal
mandya|mandya north|hallegere
mandya|mandya north|holalu
mandya|mandya north|jodihodaghatta
mandya|mandya south|mandya 04
mandya|mandya south|mandya _2
mandya|mandya south|soonagahally
mandya|nagamangala|addihalli
mandya|nagamangala|chunchanahalli
mandya|nagamangala|devara mallanayakanahalli
mandya|nagamangala|honakere
mandya|nagamangala|lalanakere
mandya|nagamangala|mannahalli
mandya|nagamangala|mayagonahalli
mandya|nagamangala|palagrahara
mandya|pandavapura|katteri
mandya|pandavapura|manikyanahalli
mysore|h.d.kote|alanahalli
mysore|h.d.kote|beechana halli
mysore|h.d.kote|b.matakere
mysore|h.d.kote|db kuppe
mysore|h.d.kote|hampapura-hdk
mysore|h.d.kote|hebbalaguppe
mysore|h.d.kote|hegganur colony
mysore|h.d.kote|katte manuganahalli
mysore|h.d.kote|k.belthuru
mysore|h.d.kote|kythanahalli
mysore|h.d.kote|madapura-hdk
mysore|h.d.kote|m c thalalu
mysore|h.d.kote|mullur
mysore|h.d.kote|n.begur
mysore|h.d.kote|saragur
mysore|h.d.kote|savve
mysore|hunsur|bannikuppe
mysore|hunsur|beejaganahalli
mysore|hunsur|bilikere
mysore|hunsur|bolanahalli
mysore|hunsur|challahalli
mysore|hunsur|chikhunsur
mysore|hunsur|chilkunda
mysore|hunsur|doddahejjuru
mysore|hunsur|gavadagere
mysore|hunsur|gurupura
mysore|hunsur|hagaranahalli
mysore|hunsur|halebeedu
mysore|hunsur|hanagodu
mysore|hunsur|hirikyathanahalli
mysore|hunsur|hundimala
mysore|hunsur|hunsur north
mysore|hunsur|hunsur south
mysore|hunsur|karimuddana halli
mysore|hunsur|karnakuppe
mysore|hunsur|k.m.vadi
mysore|hunsur|kothegala
mysore|hunsur|mulluru
mysore|hunsur|neralekuppe
mysore|hunsur|singaramaranahalli
mysore|hunsur|thattekere
mysore|k.r.nagara|bherya
mysore|k.r.nagara|byadarahally
mysore|k.r.nagara|hampapura
mysore|k.r.nagara|hanasoge
mysore|k.r.nagara|haradana halli
mysore|k.r.nagara|hebbalu
mysore|k.r.nagara|honnenahalli
mysore|k.r.nagara|hosa agrahara
mysore|k.r.nagara|hosakote
mysore|k.r.nagara|hosur
mysore|k.r.nagara|kaggere
mysore|k.r.nagara|k.r.nagara town
mysore|k.r.nagara|kuppahalli
mysore|k.r.nagara|mavathur
mysore|k.r.nagara|mayigowdanhalli
mysore|k.r.nagara|meluru
mysore|k.r.nagara|mirle
mysore|k.r.nagara|saligrama
mysore|k.r.nagara|thandre
mysore|mysore rural|beeri hundi
mysore|mysore rural|bogadi
mysore|mysore rural|d.salundi
mysore|mysore rural|halanahalli
mysore|mysore rural|hanchya
mysore|mysore rural|harohalli
mysore|mysore rural|jaya pura
mysore|mysore rural|kadakola
mysore|mysore rural|kalluru nagana halli
mysore|mysore rural|keelanapura
mysore|mysore rural|k.r.mills colony
mysore|mysore rural|mellahalli
mysore|mysore rural|ratnahalli
mysore|mysore rural|srirama pura
mysore|mysore rural|udbur
mysore|mysore rural|uthanahalli
mysore|mysore rural|varuna
mysore|mysore rural|yelwala
mysore|nanjanagud|badanavalu
mysore|nanjanagud|biligere
mysore|nanjanagud|dasanur
mysore|nanjanagud|debur
mysore|nanjanagud|devanuru
mysore|nanjanagud|devarayashettipura
mysore|nanjanagud|dodda kavalande
mysore|nanjanagud|hediyala
mysore|nanjanagud|heggadahalli
mysore|nanjanagud|hemmaragala
mysore|nanjanagud|hosa kote
mysore|nanjanagud|hullahalli
mysore|nanjanagud|hura
mysore|nanjanagud|kalale
mysore|nanjanagud|kanenuru
mysore|nanjanagud|kappasoge
mysore|nanjanagud|kasuvina halli
mysore|nanjanagud|kudlapura
mysore|nanjanagud|nagammatown-1
mysore|nanjanagud|nagammatown-2
mysore|nanjanagud|sutturu
mysore|nanjanagud|thagadur
mysore|nanjanagud|thandava pura
mysore|periya patna|attigodu
mysore|periya patna|bailukuppe
mysore|periya patna|benagalu
mysore|periya patna|bettada pura
mysore|periya patna|bhuvana halli
mysore|periya patna|chapparada halli
mysore|periya patna|chikkanerale
mysore|periya patna|dodda belalu
mysore|periya patna|doddakamaravalli
mysore|periya patna|handithavalli
mysore|periya patna|hunasa vadi
mysore|periya patna|kamplapura
mysore|periya patna|kanagalu
mysore|periya patna|kittur
mysore|periya patna|komalapura
mysore|periya patna|makodu
mysore|periya patna|malangi
mysore|periya patna|muthuru
mysore|periya patna|periyapatna
mysore|periya patna|ravandur
mysore|t.n.pura|bannur
mysore|t.n.pura|biligerehundi
mysore|t.n.pura|c b hundi
mysore|t.n.pura|chidaravalli
mysore|t.n.pura|halekempayyanahundi
mysore|t.n.pura|hosakukkur 1
mysore|t.n.pura|kethupura
mysore|t.n.pura|kodagahalli
mysore|t.n.pura|madhapura
mysore|t.n.pura|maliyur
mysore|t.n.pura|menasi kyathanahalli
mysore|t.n.pura|mseehalli
mysore|t.n.pura|musuvina koppalu
mysore|t.n.pura|nargyathanahalli
mysore|t.n.pura|rangasamudra
mysore|t.n.pura|sosale
mysore|t.n.pura|talakadu
mysore|t.n.pura|t. narasipura
mysore|t.n.pura|t n pura
mysore|t.n.pura|yadadore
ramanagara|channapatna|abburudoddi
ramanagara|channapatna|channapatna kannada town1
ramanagara|channapatna|harakoppa
ramanagara|channapatna|mankunda
ramanagara|channapatna|singarajipura
ramanagara|channapatna|sulleri
ramanagara|kanakapura|bannimukodlu
ramanagara|kanakapura|dodda allahalli
ramanagara|kanakapura|dyvasandra
ramanagara|kanakapura|hosadurga
ramanagara|kanakapura|i gollahalli
ramanagara|kanakapura|kabbal
ramanagara|kanakapura|kallahalli
ramanagara|kanakapura|kottagalu
ramanagara|kanakapura|urdu town cluster
ramanagara|kanakapura|yalachavadi
ramanagara|magadi|
ramanagara|magadi|agalkote
ramanagara|magadi|ajjanahalli
ramanagara|magadi|belagumba
ramanagara|magadi|biskuru
ramanagara|magadi|bittasandra
ramanagara|magadi|chikenudigera
ramanagara|magadi|chikkahalli
ramanagara|magadi|guddemaranahalli
ramanagara|magadi|kalya
ramanagara|magadi|magadi town
ramanagara|magadi|nethanahalli
ramanagara|magadi|sri giripura
ramanagara|magadi|thipsandra
ramanagara|ramanagara|bilagumba
ramanagara|ramanagara|harisandra
ramanagara|ramanagara|hunasanahalli
ramanagara|ramanagara|kailancha
ramanagara|ramanagara|kanchugaranahalli
ramanagara|ramanagara|vibhutikere
shimoga|bhadravati|agaradahalli
shimoga|bhadravati|aralihalli-urdu
shimoga|bhadravati|biliki tanda
shimoga|bhadravati|dodderi
shimoga|bhadravati|holehonnur-urdu
shimoga|bhadravati|hosamane
shimoga|bhadravati|jayashri circle
shimoga|bhadravati|kudligere
shimoga|bhadravati|mydolalu
shimoga|bhadravati|paper town
shimoga|bhadravati|sidlipura
shimoga|bhadravati|sri ramanagar
shimoga|hosanagar|belluru
shimoga|hosanagar|bramheshwara
shimoga|hosanagar|humcha
shimoga|hosanagar|kotetariga
shimoga|hosanagar|nittur
shimoga|sagar|achapura
shimoga|sagar|baruru
shimoga|sagar|bhanukuli(k)
shimoga|sagar|hirenallur
shimoga|sagar|jog
shimoga|sagar|kattinakaru
shimoga|sagar|nalli beedu
shimoga|sagar|subash nagar
shimoga|sagar|syduru
shimoga|sagar|tumari
shimoga|sagar|yadajigale mane
shimoga|shikaripur|ambaragoppa
shimoga|shikaripur|harogoppa
shimoga|shikaripur|javagatte
shimoga|shikaripur|kasaba shikaripura-1
shimoga|shikaripur|malavalli
shimoga|shikaripur|shikaripur urdu-2
shimoga|shikaripur|shiralakoppa urdu-3
shimoga|shimoga|ayanur-urdu
shimoga|shimoga|b h road
shimoga|shimoga|chilakadrihalli
shimoga|shimoga|choradi
shimoga|shimoga|durgigudi
shimoga|shimoga|gadikoppa
shimoga|shimoga|gondhi chatnahalli
shimoga|shimoga|kadekal
shimoga|shimoga|kashipura
shimoga|shimoga|khb colony
shimoga|shimoga|mandaghatta
shimoga|shimoga|navule
shimoga|shimoga|ravindra nagara
shimoga|shimoga|shettihalli
shimoga|shimoga|siddeshwara nagar
shimoga|shimoga|sulebylu
shimoga|shimoga|tippunagar-a-urdu
shimoga|shimoga|tyajavalli
shimoga|sorab|anavatti-urdu
shimoga|sorab|bennur
shimoga|sorab|gudavi
shimoga|sorab|hanchi
shimoga|sorab|hareeshi
shimoga|sorab|hurali
shimoga|sorab|kerehalli
shimoga|sorab|nisarani
shimoga|sorab|samanavalli
shimoga|sorab|shigga
shimoga|sorab|udri
shimoga|sorab|urdu sorab
shimoga|thirthahalli|bobbi
shimoga|thirthahalli|hunchadakatte
shimoga|thirthahalli|kudu mallige
shimoga|thirthahalli|melina kuruvalli
shimoga|thirthahalli|naluru
shimoga|thirthahalli|tudur
tumkur|chiknayakanhalli|baraknaalu
tumkur|chiknayakanhalli|belaguli
tumkur|chiknayakanhalli|c n halli (urdu)
tumkur|chiknayakanhalli|dasudi
tumkur|chiknayakanhalli|doddennegere
tumkur|chiknayakanhalli|godekere
tumkur|chiknayakanhalli|huliyaaru (urdu)
tumkur|chiknayakanhalli|kuppuru
tumkur|chiknayakanhalli|malligere
tumkur|chiknayakanhalli|m mantapa
tumkur|chiknayakanhalli|seege bagi gate
tumkur|chiknayakanhalli|thimmanahalli
tumkur|gubbi|adagur
tumkur|gubbi|alilughatta
tumkur|gubbi|ammana ghatta
tumkur|gubbi|belavatha
tumkur|gubbi|gubbi hosahalli
tumkur|gubbi|hindiskere
tumkur|gubbi|idagur
tumkur|gubbi|irakasandra
tumkur|gubbi|kondli
tumkur|gubbi|koppa
tumkur|gubbi|manchaladore
tumkur|gubbi|mara shettyhalli
tumkur|gubbi|maruthi nagara
tumkur|gubbi|peddanahalli
tumkur|gubbi|sathenahalli
tumkur|gubbi|s kodagihalli
tumkur|gubbi|thale koppa
tumkur|gubbi|thyagatur
tumkur|gubbi|uhpbs gubbi (urdu)
tumkur|kunigal|bidanagere
tumkur|kunigal|d hosahalli
tumkur|kunigal|dombarahatty
tumkur|kunigal|girigowdana palya
tumkur|kunigal|hanchipura
tumkur|kunigal|herur
tumkur|kunigal|janagere
tumkur|kunigal|jodi hosahalli
tumkur|kunigal|k h halli
tumkur|kunigal|koppa
tumkur|kunigal|markonahalli
tumkur|kunigal|nagasandra
tumkur|kunigal|nidasale
tumkur|kunigal|santhe mavathur
tumkur|kunigal|tavarekere
tumkur|kunigal|tharedakuppe
tumkur|kunigal|urdu 1 (town)
tumkur|kunigal|urdu 2 (rural)
tumkur|kunigal|yeliyur
tumkur|tiptur|baluvaneralu
tumkur|tiptur|gudigondanahalli
tumkur|tiptur|gurugadahalli
tumkur|tiptur|kamparahalli
tumkur|tiptur|karadalu
tumkur|tiptur|kattigenahalli
tumkur|tiptur|nellikere
tumkur|tiptur|sarthavalli
tumkur|tumkur|areyur
tumkur|tumkur|ballagere
tumkur|tumkur|beladhara
tumkur|tumkur|belagumba
tumkur|tumkur|bugudanahalli
tumkur|tumkur|devalapura
tumkur|tumkur|galigenahalli
tumkur|tumkur|haraluru
tumkur|tumkur|holakallu
tumkur|tumkur|honasigere
tumkur|tumkur|kanakuppe
tumkur|tumkur|k palasandra
tumkur|tumkur|kyathasandra
tumkur|tumkur|kyathsandra (urdu)
tumkur|tumkur|mallasandra
tumkur|tumkur|maralur dinne (urdu)
tumkur|tumkur|mydala
tumkur|tumkur|nagavalli
tumkur|tumkur|nagavalli (urdu)
tumkur|tumkur|nelahal
tumkur|tumkur|niduvalalu
tumkur|tumkur|obalapura
tumkur|tumkur|oorukere
tumkur|tumkur|p h colony (urdu)
tumkur|tumkur|p p s diet
tumkur|tumkur|seethakal
tumkur|tumkur|thimmarajanahalli
tumkur|tumkur|west extn
tumkur|turuvekere|adithya patna
tumkur|turuvekere|anekere
tumkur|turuvekere|aremallenahalli
tumkur|turuvekere|banasandra
tumkur|turuvekere|bythara hosahalli
tumkur|turuvekere|hittala koppa
tumkur|turuvekere|kondajji
tumkur|turuvekere|madihalli
tumkur|turuvekere|mavinakere
tumkur|turuvekere|sampige hosahalli
tumkur|turuvekere|turuvekere patna (urdu)
tumkur|turuvekere|vadavana ghatta
tumkur madhugiri|koratagere|b d pura
tumkur madhugiri|koratagere|bukkapatna
tumkur madhugiri|koratagere|chinnahalli
tumkur madhugiri|koratagere|koratagere(urdu)
tumkur madhugiri|koratagere|yelerampura
tumkur madhugiri|madhugiri|chandragiri
tumkur madhugiri|madhugiri|chikkamalur
tumkur madhugiri|madhugiri|chinaka vajra
tumkur madhugiri|madhugiri|dodderi
tumkur madhugiri|madhugiri|ganjala gunte
tumkur madhugiri|madhugiri|kavanadala
tumkur madhugiri|madhugiri|kodlapura
tumkur madhugiri|madhugiri|kondavadi
tumkur madhugiri|madhugiri|madhugiri(urdu)
tumkur madhugiri|madhugiri|sajjehosahally
tumkur madhugiri|madhugiri|singanahally
tumkur madhugiri|madhugiri|yalkur
tumkur madhugiri|pavagada|dommathamari
tumkur madhugiri|pavagada|kannamedi
tumkur madhugiri|pavagada|k t hally
tumkur madhugiri|pavagada|maridasanahally
tumkur madhugiri|pavagada|neelamannahally
tumkur madhugiri|pavagada|nyayadagunte
tumkur madhugiri|sira|benche
tumkur madhugiri|sira|bevinahalli
tumkur madhugiri|sira|bhoovanahally
tumkur madhugiri|sira|chikkabanagere
tumkur madhugiri|sira|dodda hulikunte
tumkur madhugiri|sira|gowdagere
tumkur madhugiri|sira|honnagondanahally
tumkur madhugiri|sira|magodu
tumkur madhugiri|sira|neralagudda
tumkur madhugiri|sira|ratnasandra
tumkur madhugiri|sira|sakshihalli
tumkur madhugiri|sira|seebi agrahara
tumkur madhugiri|sira|thalagunda
tumkur madhugiri|sira|thogarugunte
tumkur madhugiri|sira|urdu
tumkur madhugiri|sira|urdu rural
tumkur madhugiri|sira|yaravarahalli
tumkur madhugiri|sira|yeliyuuru
udupi|brahamavara|barkuru
udupi|brahamavara|garadimajalu
udupi|brahamavara|januvarkatte
udupi|byndoor|keradi
udupi|byndoor|kirimanjeshwara
udupi|karkala|miyyaru
udupi|karkala|shivapura
udupi|kundapura|kedoor
udupi|udupi|hiriyadaka
udupi|udupi|kadekar
uttara kannada|ankola|achave
uttara kannada|ankola|dongri
uttara kannada|ankola|hillur
uttara kannada|ankola|urdu ankola
uttara kannada|bhatkal|
uttara kannada|bhatkal|betkoor
uttara kannada|bhatkal|gundlakatta
uttara kannada|bhatkal|jali
uttara kannada|bhatkal|nationalcolony
uttara kannada|honnavar|banasale
uttara kannada|honnavar|chandavar
uttara kannada|honnavar|chittar
uttara kannada|honnavar|gundbal
uttara kannada|honnavar|hadinbal
uttara kannada|honnavar|idagunji
uttara kannada|honnavar|karki
uttara kannada|honnavar|mugwa
uttara kannada|honnavar|nagantur
uttara kannada|honnavar|salkod
uttara kannada|honnavar|urdu honnavar
uttara kannada|honnavar|urdu upponi
uttara kannada|karwar|baad
uttara kannada|karwar|binaga
uttara kannada|karwar|chittakula
uttara kannada|karwar|kerwadi
uttara kannada|karwar|majali
uttara kannada|karwar|mallapura
uttara kannada|kumta|aanegundi
uttara kannada|kumta|bargi
uttara kannada|kumta|hanehalli
uttara kannada|kumta|kumta
uttara kannada|kumta|urdu betkuli
uttara kannada|kumta|urdu vannalli
uttara kannada sirsi|haliyal|b k halli
uttara kannada sirsi|haliyal|mangalwad
uttara kannada sirsi|haliyal|urdu dandeli
uttara kannada sirsi|haliyal|urdu haliyal
uttara kannada sirsi|joida|joida(marathi)
uttara kannada sirsi|joida|nagoda
uttara kannada sirsi|mundagod|choudalli
uttara kannada sirsi|mundagod|urdu mundgod
uttara kannada sirsi|mundagod|urdu pala
uttara kannada sirsi|siddapur|honnegatagi
uttara kannada sirsi|siddapur|hosgadde
uttara kannada sirsi|siddapur|manamane
uttara kannada sirsi|siddapur|shirguni
uttara kannada sirsi|siddapur|tyagali
uttara kannada sirsi|siddapur|urdu
uttara kannada sirsi|sirsi|andagi
uttara kannada sirsi|sirsi|bandal
uttara kannada sirsi|sirsi|bhairumbe
uttara kannada sirsi|sirsi|dasanakoppa
uttara kannada sirsi|sirsi|gudnapur
uttara kannada sirsi|sirsi|hegdekatta
uttara kannada sirsi|sirsi|hunasekoppa
uttara kannada sirsi|sirsi|jaddigadde
uttara kannada sirsi|sirsi|neggu
uttara kannada sirsi|sirsi|salkani
uttara kannada sirsi|sirsi|sirsi nagara east
uttara kannada sirsi|sirsi|unchalli
uttara kannada sirsi|sirsi|urdu east
uttara kannada sirsi|sirsi|urdu west
uttara kannada sirsi|yellapur|kannigeri
uttara kannada sirsi|yellapur|kiruvatti-1
uttara kannada sirsi|yellapur|madnoor
uttara kannada sirsi|yellapur|malalgaov
uttara kannada sirsi|yellapur|yellapur-1
uttara kannada sirsi|yellapur|yellapur-3
